[	
    // Bonus resources
    {
        "name": "Cattle",
        "resourceType": "Bonus",
        "terrainsCanBeFoundOn": ["Grassland","Plains"],
        "food": 1,
        "improvement": "Pasture",
        "improvementStats": {"production": 1},
        "uniques": [
            "Generated on every [22] tiles <in [{Featureless} {Grassland}] tiles>",
            "Generated on every [22] tiles <in [{Featureless} {Plains}] tiles>"
        ]
    },
    {
        "name": "Bison",
        "resourceType": "Bonus",
        "terrainsCanBeFoundOn": ["Grassland","Plains"],
        "food": 1,
        "improvedBy": ["Camp", "Tipi"],
        "improvementStats": {"production": 1},
        "uniques": [
            "Generated on every [15] tiles <in [{Featureless} {Plains}] tiles>",
            "Generated on every [20] tiles <in [{non-[Fresh Water]} {Featureless} {Grassland}] tiles>"
        ]
    },
    {
        "name": "Sheep",
        "resourceType": "Bonus",
        "terrainsCanBeFoundOn": ["Hill"],
        "food": 1,
        "improvement": "Pasture",
        "improvementStats": {"food": 1},
        "uniques": ["Generated on every [20] tiles <in [Hill] tiles> <in tiles without [Forest]> <in tiles without [Jungle]>"]
    },
    {
        "name": "Deer",
        "resourceType": "Bonus",
        "terrainsCanBeFoundOn": ["Forest","Tundra"],
        "food": 1,
        "improvedBy": ["Camp", "Tipi"],
        "improvementStats": {"production": 1},
        "uniques": [
            "Generated on every [8] tiles <in [{Featureless} {Tundra}] tiles>",
            "Generated on every [6] tiles <in [{Forest} {Tundra}] tiles>",
            "Generated on every [22] tiles <in [Forest] tiles> <in tiles without [Hill]> <in tiles without [Tundra]>"
        ]
    },
    {
        "name": "Bananas",
        "resourceType": "Bonus",
        "terrainsCanBeFoundOn": ["Jungle"],
        "food": 1,
        "improvement": "Plantation",
        "improvementStats": {"food": 2},
        "uniques": ["Generated on every [10] tiles <in [Jungle] tiles>"]
    },
    {
        "name": "Wheat",
        "resourceType": "Bonus",
        "terrainsCanBeFoundOn": ["Plains","Flood plains","Desert"], // Desert only if fresh water
        "food": 1,
        "improvement": "Farm",
        "uniques": [
            "Generated on every [30] tiles <in [{Featureless} {Plains}] tiles>",
            "Generated on every [8] tiles <in [{non-[Hill]} {Fresh Water} {Desert}] tiles>"
        ]
    },
    {
        "name": "Maize",
        "resourceType": "Bonus",
        "terrainsCanBeFoundOn": ["Plains","Grassland"],
        "food": 1,
        "improvement": "Farm",
        "uniques": [
            "Generated on every [35] tiles <in [{Featureless} {Plains}] tiles>",
            "Generated on every [18] tiles <in [{Featureless} {Grassland}] tiles>"
        ]
    },
    {
        "name": "Stone",
        "resourceType": "Bonus",
        "terrainsCanBeFoundOn": ["Grassland","Desert","Tundra"],
        "production": 1,
        "improvement": "Quarry",
        "improvementStats": {"production": 1},
        "uniques": [
            "Generated on every [20] tiles <in [{non-[Fresh Water]} {Featureless} {Grassland}] tiles>",
            "Generated on every [10] tiles <in [{Featureless} {Tundra}] tiles>",
            "Generated on every [16] tiles <in [{Featureless} {Desert}] tiles>"
        ]
    },
    {
        "name": "Fish",
        "resourceType": "Bonus",
        "terrainsCanBeFoundOn": ["Coast"],
        "food": 1,
        "improvementStats": {"food": 1},
        "improvement": "Fishing Boats",
        "uniques": ["Generated on every [3] tiles <in [{Featureless} {Coast}] tiles>"]
    },
    {
      "name": "Hardwood",
      "resourceType": "Bonus",
      "terrainsCanBeFoundOn": ["Forest"],
      "production": 1,
      "improvement": "Lumber mill",
      "improvementStats": { "production": 1 },
      "uniques": [
        "Generated on every [22] tiles <in [Forest] tiles>",
        "Generated on every [22] tiles <in [{non-[Hill]} {Tundra} {Forest}] tiles>"
    ]
    },
    
    // Strategic resources
    {
        "name": "Horses",
        "resourceType": "Strategic",
        "revealedBy": "Animal Husbandry",
        "terrainsCanBeFoundOn": ["Plains","Grassland","Hill","Tundra"], // Hill only if plains or grassland
        "production": 1,
        "improvement": "Pasture",
        "improvementStats": {"production": 1},
        "uniques": [
            "Guaranteed with Strategic Balance resource option",
            "Generated with weight [100] <in [{Featureless} {Grassland}] tiles>",
            "Generated with weight [100] <in [{Featureless} {Plains}] tiles>",
            "Minor deposits generated with weight [10] <in [{Grassland} {Hill}] tiles> <in tiles without [Forest]> <in tiles without [Jungle]>",
            "Minor deposits generated with weight [10] <in [{Plains} {Hill}] tiles> <in tiles without [Forest]> <in tiles without [Jungle]>",
            "Minor deposits generated with weight [100] <in [{Featureless} {Grassland} {Fresh Water}] tiles>",
            "Minor deposits generated with weight [20] <in [{Featureless} {Grassland} {non-[Fresh Water]}] tiles>",
            "Minor deposits generated with weight [30] <in [{Featureless} {Plains}] tiles>"
        ],
        "majorDepositAmount": {"sparse": 2, "default": 4, "abundant": 6},
        "minorDepositAmount": {"sparse": 1, "default": 2, "abundant": 3}
    },
    {
        "name": "Iron",
        "resourceType": "Strategic",
        "revealedBy": "Mining",
        "terrainsCanBeFoundOn": ["Grassland","Plains","Desert","Tundra","Snow","Hill","Marsh"],
        "production": 1,
        "improvement": "Mine",
        "uniques": [
            "Guaranteed with Strategic Balance resource option",
            "Generated with weight [35] <in [{Featureless} {Tundra}] tiles>",
            "Generated with weight [20] <in [{Featureless} {Snow}] tiles>",
            "Generated with weight [30] <in [{Featureless} {Desert}] tiles>",
            "Generated with weight [26] <in [Hill] tiles>",
            "Minor deposits generated with weight [10] <in [{non-[Hill]} {Marsh}] tiles>",
            "Minor deposits generated with weight [10] <in [{Jungle} {Hill}] tiles>",
            "Minor deposits generated with weight [20] <in [Forest] tiles>",
            "Minor deposits generated with weight [20] <in [Hill] tiles> <in tiles without [Forest]> <in tiles without [Jungle]>",
            "Minor deposits generated with weight [30] <in [{non-[Fresh Water]} {Featureless} {Grassland}] tiles>",
            "Minor deposits generated with weight [20] <in [{Featureless} {Plains}] tiles>",
            "Minor deposits generated with weight [10] <in [{Featureless} {Desert}] tiles>",
            "Minor deposits generated with weight [10] <in [{Featureless} {Tundra}] tiles>",
            "Minor deposits generated with weight [10] <in [{Featureless} {Snow}] tiles>"
        ],
        "majorDepositAmount": {"sparse": 4, "default": 6, "abundant": 8},
        "minorDepositAmount": {"sparse": 1, "default": 2, "abundant": 3}
    },
    {
        "name": "Coal",
        "resourceType": "Strategic",
        "revealedBy": "Industrialization",
        "terrainsCanBeFoundOn": ["Grassland","Plains","Hill","Jungle","Forest","Marsh"],
        "production": 1,
        "improvement": "Mine",
        "improvementStats": {"production": 1},
        "uniques": [
            "Guaranteed with Strategic Balance resource option",
            "Generated with weight [35] <in [Hill] tiles>",
            "Generated with weight [30] <in [{non-[Hill]} {Jungle}] tiles>",
            "Generated with weight [25] <in [{non-[Hill]} {Forest}] tiles>",
            "Minor deposits generated with weight [10] <in [{non-[Hill]} {Marsh}] tiles>",
            "Minor deposits generated with weight [10] <in [Jungle] tiles>",
            "Minor deposits generated with weight [10] <in [Forest] tiles>",
            "Minor deposits generated with weight [20] <in [{Grassland} {Hill}] tiles>",
            "Minor deposits generated with weight [20] <in [{Plains} {Hill}] tiles>",
            "Minor deposits generated with weight [30] <in [{Desert} {Hill}] tiles>",
            "Minor deposits generated with weight [30] <in [{Tundra} {Hill}] tiles>",
            "Minor deposits generated with weight [30] <in [{Snow} {Hill}] tiles>"
        ],
        "majorDepositAmount": {"sparse": 5, "default": 7, "abundant": 9},
        "minorDepositAmount": {"sparse": 2, "default": 3, "abundant": 3}
    },
    {
        "name": "Oil",
        "resourceType": "Strategic",
        "revealedBy": "Biology",
        "terrainsCanBeFoundOn": ["Desert","Coast","Tundra","Snow","Marsh","Jungle"],
        "production": 1,
        "improvedBy": ["Oil well", "Offshore Platform"],
        "improvementStats": {"production": 3},
        "uniques": [
            "Guaranteed with Strategic Balance resource option",
            "Deposits in [Coast] tiles always provide [4] resources",
            "Guaranteed with Strategic Balance resource option",
            "Generated with weight [25] <in [{non-[Hill]} {Forest}] tiles>",
            "Generated with weight [65] <in [{non-[Hill]} {Marsh}] tiles>",
            "Generated with weight [55] <in [{Featureless} {Tundra}] tiles>",
            "Generated with weight [65] <in [{Featureless} {Snow}] tiles>",
            "Generated with weight [70] <in [{Featureless} {Desert}] tiles>",
            "Generated with weight [100] <in [{Featureless} {Coast}] tiles>",
            "Minor deposits generated with weight [20] <in [{non-[Hill]} {Marsh}] tiles>",
            "Minor deposits generated with weight [10] <in [{non-[Hill]} {Jungle}] tiles>",
            "Minor deposits generated with weight [10] <in [{Featureless} {Desert}] tiles>",
            "Minor deposits generated with weight [20] <in [{Featureless} {Tundra}] tiles>",
            "Minor deposits generated with weight [20] <in [{Featureless} {Snow}] tiles>"
        ],
        "majorDepositAmount": {"sparse": 5, "default": 7, "abundant": 9},
        "minorDepositAmount": {"sparse": 2, "default": 3, "abundant": 4}
    },
    {
        "name": "Aluminum",
        "resourceType": "Strategic",
        "revealedBy": "Electricity",
        "terrainsCanBeFoundOn": ["Desert","Tundra","Hill","Snow","Jungle","Plains","Forest"],
        "production": 1,
        "improvement": "Mine",
        "improvementStats": {"production": 1},
        "uniques": [
            "Guaranteed with Strategic Balance resource option",
            "Generated with weight [15] <in [{Featureless} {Tundra}] tiles>",
            "Generated with weight [15] <in [{Featureless} {Snow}] tiles>",
            "Generated with weight [39] <in [Hill] tiles>",
            "Minor deposits generated with weight [20] <in [Jungle] tiles>",
            "Minor deposits generated with weight [10] <in [{Featureless} {Desert}] tiles>"
        ],
        "majorDepositAmount": {"sparse": 6, "default": 8, "abundant": 10},
        "minorDepositAmount": {"sparse": 2, "default": 3, "abundant": 3}
    },
    {
        "name": "Uranium",
        "resourceType": "Strategic",
        "revealedBy": "Atomic Theory",
        "terrainsCanBeFoundOn": ["Marsh","Jungle","Forest","Tundra","Snow","Grassland","Plains","Desert"],
        "production": 1,
        "improvement": "Mine",
        "improvementStats": {"production": 1},
        "uniques": [
            "Guaranteed with Strategic Balance resource option",
            "Generated with weight [35] <in [{non-[Hill]} {Marsh}] tiles>",
            "Generated with weight [70] <in [{non-[Hill]} {Jungle}] tiles>",
            "Generated with weight [50] <in [{non-[Hill]} {Forest}] tiles>",
            "Minor deposits generated with weight [10] <in [Forest] tiles>",
            "Minor deposits generated with weight [10] <in [{Featureless} {Tundra}] tiles>",
            "Minor deposits generated with weight [10] <in [{Featureless} {Snow}] tiles>"
        ],
        "majorDepositAmount": {"sparse": 2, "default": 2, "abundant": 2},
        "minorDepositAmount": {"sparse": 1, "default": 2, "abundant": 2}
    },
    
    // Luxury resources
    {
        "name": "Furs",
        "resourceType": "Luxury",
        "terrainsCanBeFoundOn": ["Tundra","Plains","Grassland","Forest","Snow","Hill"],
        "gold": 2,
        "improvement": "Camp",
        "improvementStats": {"food": 1, "gold": 1},
        "uniques": [
            "Generated with weight [40] <in [Tundra] Regions>",
            "Generated with weight [10] <in [Jungle] Regions>",
            "Generated with weight [40] <in [Forest] Regions>",
            "Generated with weight [5] <in [Hybrid] Regions>",
            "Generated near City States with weight [5]",
            "Doesn't generate naturally <in [Desert] tiles>",
            "Doesn't generate naturally <in [Flood plains] tiles>",
            "Doesn't generate naturally <in [Jungle] tiles>",
            "Doesn't generate naturally <in [{Desert} {non-[Flood plains]} {non-[Hill]}] tiles>",
            "Doesn't generate naturally <in [{Tundra} {non-[Hill]}] tiles>",
            "Doesn't generate naturally <in [{non-[Desert]} {non-[Tundra]} {Hill}] tiles>"
        ]
    },
    {
        "name": "Cotton",
        "resourceType": "Luxury",
        "terrainsCanBeFoundOn": ["Plains","Grassland","Desert","Hill"],
        "gold": 2,
        "improvementStats": {"production": 1,"gold": 1},
        "improvement": "Plantation",
        "uniques": [
            "Generated with weight [10] <in [Plains] Regions>",
            "Generated with weight [40] <in [Grassland] Regions>",
            "Generated with weight [30] <in [Marsh] Regions>",
            "Generated with weight [30] <in [Hybrid] Regions>",
            "Generated near City States with weight [5]",
            "Doesn't generate naturally <in [Tundra] tiles>",
            "Doesn't generate naturally <in [{Desert} {non-[Flood plains]} {non-[Hill]}] tiles>",
            "Doesn't generate naturally <in [{Tundra} {non-[Hill]}] tiles>",
            "Doesn't generate naturally <in [{non-[Desert]} {non-[Tundra]} {Hill}] tiles>"
        ]
    },
    {
        "name": "Dyes",
        "resourceType": "Luxury",
        "terrainsCanBeFoundOn": ["Tundra","Plains","Grassland","Hill","Jungle","Forest"],
        "gold": 2,
        "improvementStats": {"gold": 1,"culture": 1},
        "improvement": "Plantation",
        "uniques": [
            "Generated with weight [10] <in [Jungle] Regions>",
            "Generated with weight [10] <in [Forest] Regions>",
            "Generated with weight [5] <in [Hybrid] Regions>",
            "Generated near City States with weight [5]",
            "Doesn't generate naturally <in [Desert] tiles>",
            "Doesn't generate naturally <in [Flood plains] tiles>",
            "Doesn't generate naturally <in [{Desert} {non-[Flood plains]} {non-[Hill]}] tiles>",
            "Doesn't generate naturally <in [{Tundra} {non-[Hill]}] tiles>"
        ]
    },
    {
        "name": "Gems",
        "resourceType": "Luxury",
        "terrainsCanBeFoundOn": ["Tundra","Desert","Plains","Grassland","Hill"],
        "gold": 2,
        "improvementStats": {"gold": 1,"production": 1},
        "improvement": "Mine",
        "uniques": [
            "Generated with weight [10] <in [Tundra] Regions>",
            "Generated with weight [10] <in [Desert] Regions>",
            "Generated with weight [30] <in [Hill] Regions>",
            "Generated with weight [20] <in [Marsh] Regions>",
            "Generated with weight [30] <in [Hybrid] Regions>",
            "Generated near City States with weight [5]",
            "Doesn't generate naturally <in [non-[Hill]] tiles>"
        ]
    },
    {
        "name": "Gold Ore", // Not called "Gold" in order to not conflict with siege type units for translations
        "resourceType": "Luxury",
        "terrainsCanBeFoundOn": ["Desert","Plains","Grassland","Hill"],
        "gold": 2,
        "improvementStats": {"gold": 1,"production": 1},
        "improvement": "Mine",
        "uniques": [
            "Generated with weight [10] <in [Tundra] Regions>",
            "Generated with weight [40] <in [Desert] Regions>",
            "Generated with weight [30] <in [Hill] Regions>",
            "Generated with weight [30] <in [Hybrid] Regions>",
            "Generated near City States with weight [5]",
            "Doesn't generate naturally <in [non-[Hill]] tiles>"
        ]
    },
    {
        "name": "Silver",
        "resourceType": "Luxury",
        "terrainsCanBeFoundOn": ["Tundra","Desert","Hill"],
        "gold": 2,
        "improvementStats": {"gold": 1,"production": 1},
        "improvement": "Mine",
        "uniques": [
            "Generated with weight [40] <in [Tundra] Regions>",
            "Generated with weight [10] <in [Desert] Regions>",
            "Generated with weight [30] <in [Hill] Regions>",
            "Generated with weight [20] <in [Marsh] Regions>",
            "Generated with weight [30] <in [Hybrid] Regions>",
            "Generated near City States with weight [5]",
            "Doesn't generate naturally <in [non-[Hill]] tiles>"
        ]
    },
    {
        "name": "Copper",
        "resourceType": "Luxury",
        "terrainsCanBeFoundOn": ["Tundra","Desert","Plains","Grassland","Hill","Snow"],
        "gold": 2,
        "improvementStats": {"gold": 1,"production": 1},
        "improvement": "Mine",
        "uniques": [
            "Generated with weight [10] <in [Tundra] Regions>",
            "Generated with weight [10] <in [Desert] Regions>",
            "Generated with weight [30] <in [Hill] Regions>",
            "Generated with weight [20] <in [Marsh] Regions>",
            "Generated with weight [30] <in [Hybrid] Regions>",
            "Generated near City States with weight [5]",
            "Doesn't generate naturally <in [non-[Hill]] tiles>"
        ]
    },
    {
        "name": "Jade",
        "resourceType": "Luxury",
        "terrainsCanBeFoundOn": ["Tundra","Desert","Plains","Grassland","Hill"],
        "gold": 2,
        "improvementStats": {"gold": 1,"production": 1},
        "improvement": "Mine",
        "uniques": [
            "Generated with weight [10] <in [Tundra] Regions>",
            "Generated with weight [10] <in [Desert] Regions>",
            "Generated with weight [30] <in [Hill] Regions>",
            "Generated with weight [30] <in [Hybrid] Regions>",
            "Generated near City States with weight [5]",
            "Doesn't generate naturally <in [non-[Hill]] tiles>"
        ]
    },
    {
        "name": "Amber",
        "resourceType": "Luxury",
        "terrainsCanBeFoundOn": ["Tundra","Desert","Plains","Grassland","Hill"],
        "gold": 2,
        "improvementStats": {"gold": 1,"production": 1},
        "improvement": "Mine",
        "uniques": [
            "Generated with weight [40] <in [Tundra] Regions>",
            "Generated with weight [10] <in [Desert] Regions>",
            "Generated with weight [30] <in [Hill] Regions>",
            "Generated with weight [30] <in [Hybrid] Regions>",
            "Generated near City States with weight [5]",
            "Doesn't generate naturally <in [non-[Hill]] tiles>"
        ]
    },
    {
        "name": "Lapis Lazuli",
        "resourceType": "Luxury",
        "terrainsCanBeFoundOn": ["Tundra","Desert","Plains","Grassland","Hill"],
        "gold": 2,
        "improvementStats": {"gold": 1,"production": 1},
        "improvement": "Mine",
        "uniques": [
            "Generated with weight [10] <in [Tundra] Regions>",
            "Generated with weight [40] <in [Desert] Regions>",
            "Generated with weight [30] <in [Hill] Regions>",
            "Generated with weight [30] <in [Hybrid] Regions>",
            "Generated near City States with weight [5]",
            "Doesn't generate naturally <in [non-[Hill]] tiles>"
        ]
    },
    {
        "name": "Salt",
        "resourceType": "Luxury",
        "terrainsCanBeFoundOn": ["Tundra","Desert","Plains","Hill"],
        "food": 1,
        "improvement": "Mine",
        "improvementStats": {"production": 1,"food": 1},
        "uniques": [
            "Generated with weight [40] <in [Tundra] Regions>",
            "Generated with weight [40] <in [Desert] Regions>",
            "Generated with weight [30] <in [Hill] Regions>",
            "Generated with weight [30] <in [Hybrid] Regions>",
            "Generated near City States with weight [5]",
            "Doesn't generate naturally <in [{Desert} {non-[Flood plains]} {non-[Hill]}] tiles>",
            "Doesn't generate naturally <in [{Tundra} {non-[Hill]}] tiles>",
            "Doesn't generate naturally <in [{non-[Desert]} {non-[Tundra]} {Hill}] tiles>"
        ]
    },
    {
        "name": "Incense",
        "resourceType": "Luxury",
        "terrainsCanBeFoundOn": ["Desert","Plains","Hill"],
        "gold": 2,
        "improvementStats": {"faith": 2,"gold": 1},
        "improvement": "Plantation",
        "uniques": [
            "Generated with weight [40] <in [Desert] Regions>",
            "Generated with weight [40] <in [Plains] Regions>",
            "Generated with weight [5] <in [Hybrid] Regions>",
            "Generated near City States with weight [5]",
            "Doesn't generate naturally <in [Tundra] tiles>",
            "Doesn't generate naturally <in [{Desert} {non-[Flood plains]} {non-[Hill]}] tiles>",
            "Doesn't generate naturally <in [{Tundra} {non-[Hill]}] tiles>",
            "Doesn't generate naturally <in [{non-[Desert]} {non-[Tundra]} {Hill}] tiles>"
        ]
    },
    {
        "name": "Ivory",
        "resourceType": "Luxury",
        "terrainsCanBeFoundOn": ["Plains","Hill"],
        "gold": 2,
        "improvement": "Camp",
        "improvementStats": {"food": 1,"gold": 1},
        "uniques": [
            "Generated with weight [40] <in [Plains] Regions>",
            "Generated with weight [10] <in [Grassland] Regions>",
            "Generated with weight [5] <in [Hybrid] Regions>",
            "Generated near City States with weight [5]",
            "Doesn't generate naturally <in [Tundra] tiles>",
            "Doesn't generate naturally <in [Desert] tiles>",
            "Doesn't generate naturally <in [{Desert} {non-[Flood plains]} {non-[Hill]}] tiles>",
            "Doesn't generate naturally <in [{Tundra} {non-[Hill]}] tiles>",
            "Doesn't generate naturally <in [{non-[Desert]} {non-[Tundra]} {Hill}] tiles>"
        ]
    },
    {
        "name": "Silk",
        "resourceType": "Luxury",
        "terrainsCanBeFoundOn": ["Forest","Plains","Grassland","Hill"],
        "gold": 2,
        "improvementStats": {"gold": 1,"culture": 1},
        "improvement": "Plantation",
        "uniques": [
            "Generated with weight [10] <in [Jungle] Regions>",
            "Generated with weight [10] <in [Forest] Regions>",
            "Generated with weight [5] <in [Hybrid] Regions>",
            "Generated near City States with weight [5]",
            "Doesn't generate naturally <in [Tundra] tiles>",
            "Doesn't generate naturally <in [Flood plains] tiles>",
            "Doesn't generate naturally <in [Desert] tiles>",
            "Doesn't generate naturally <in [Jungle] tiles>",
            "Doesn't generate naturally <in [{Desert} {non-[Flood plains]} {non-[Hill]}] tiles>",
            "Doesn't generate naturally <in [{Tundra} {non-[Hill]}] tiles>"
        ]
    },
    {
        "name": "Spices",
        "resourceType": "Luxury",
        "terrainsCanBeFoundOn": ["Plains","Grassland","Hill","Jungle","Forest"],
        "gold": 2,
        "improvementStats": {"gold": 1,"food": 1},
        "improvement": "Plantation",
        "uniques": [
            "Generated with weight [40] <in [Jungle] Regions>",
            "Generated with weight [10] <in [Forest] Regions>",
            "Generated with weight [5] <in [Marsh] Regions>",
            "Generated with weight [5] <in [Hybrid] Regions>",
            "Generated near City States with weight [5]",
            "Doesn't generate naturally <in [Tundra] tiles>",
            "Doesn't generate naturally <in [Flood plains] tiles>",
            "Doesn't generate naturally <in [Desert] tiles>",
            "Doesn't generate naturally <in [{Desert} {non-[Flood plains]} {non-[Hill]}] tiles>",
            "Doesn't generate naturally <in [{Tundra} {non-[Hill]}] tiles>"
        ]
    },
    {
        "name": "Wine",
        "resourceType": "Luxury",
        "terrainsCanBeFoundOn": ["Plains","Grassland","Hill"],
        "gold": 2,
        "improvementStats": {"food": 1,"gold": 1},
        "improvement": "Plantation",
        "uniques": [
            "Generated with weight [40] <in [Plains] Regions>",
            "Generated with weight [10] <in [Grassland] Regions>",
            "Generated with weight [5] <in [Hybrid] Regions>",
            "Generated near City States with weight [5]",
            "Doesn't generate naturally <in [Tundra] tiles>",
            "Doesn't generate naturally <in [Flood plains] tiles>",
            "Doesn't generate naturally <in [Desert] tiles>",
            "Doesn't generate naturally <in [{Desert} {non-[Flood plains]} {non-[Hill]}] tiles>",
            "Doesn't generate naturally <in [{Tundra} {non-[Hill]}] tiles>",
            "Doesn't generate naturally <in [{non-[Desert]} {non-[Tundra]} {Hill}] tiles>"
        ]
    },
    {
        "name": "Tea",
        "resourceType": "Luxury",
        "terrainsCanBeFoundOn": ["Plains","Grassland","Hill"],
        "gold": 2,
        "improvementStats": {"gold": 1,"production": 1},
        "improvement": "Plantation",
        "uniques": [
            "Generated with weight [10] <in [Plains] Regions>",
            "Generated with weight [40] <in [Grassland] Regions>",
            "Generated with weight [40] <in [Marsh] Regions>",
            "Generated with weight [5] <in [Hybrid] Regions>",
            "Generated near City States with weight [5]",
            "Doesn't generate naturally <in [Tundra] tiles>",
            "Doesn't generate naturally <in [Flood plains] tiles>",
            "Doesn't generate naturally <in [Desert] tiles>",
            "Doesn't generate naturally <in [{Desert} {non-[Flood plains]} {non-[Hill]}] tiles>",
            "Doesn't generate naturally <in [{Tundra} {non-[Hill]}] tiles>",
            "Doesn't generate naturally <in [{non-[Desert]} {non-[Tundra]} {Hill}] tiles>"
        ]
    },
    {
        "name": "Coffee",
        "resourceType": "Luxury",
        "terrainsCanBeFoundOn": ["Plains","Grassland","Hill"],
        "gold": 2,
        "improvementStats": {"gold": 1,"production": 1},
        "improvement": "Plantation",
        "uniques": [
            "Generated with weight [40] <in [Plains] Regions>",
            "Generated with weight [10] <in [Grassland] Regions>",
            "Generated with weight [5] <in [Hybrid] Regions>",
            "Generated near City States with weight [5]",
            "Doesn't generate naturally <in [Tundra] tiles>",
            "Doesn't generate naturally <in [Flood plains] tiles>",
            "Doesn't generate naturally <in [Desert] tiles>",
            "Doesn't generate naturally <in [{Desert} {non-[Flood plains]} {non-[Hill]}] tiles>",
            "Doesn't generate naturally <in [{Tundra} {non-[Hill]}] tiles>",
            "Doesn't generate naturally <in [{non-[Desert]} {non-[Tundra]} {Hill}] tiles>"
        ]
    },
    {
        "name": "Sugar",
        "resourceType": "Luxury",
        "terrainsCanBeFoundOn": ["Plains","Grassland","Desert","Hill","Forest","Marsh"],
        "gold": 2,
        "improvementStats": {"gold": 1,"food": 1},
        "improvement": "Plantation",
        "uniques": [
            "Generated with weight [40] <in [Jungle] Regions>",
            "Generated with weight [10] <in [Forest] Regions>",
            "Generated with weight [20] <in [Marsh] Regions>",
            "Generated with weight [5] <in [Hybrid] Regions>",
            "Generated near City States with weight [5]",
            "Doesn't generate naturally <in [Tundra] tiles>",
            "Doesn't generate naturally <in [Flood plains] tiles>",
            "Doesn't generate naturally <in [Desert] tiles>",
            "Doesn't generate naturally <in [Jungle] tiles>",
            "Doesn't generate naturally <in [{Desert} {non-[Flood plains]} {non-[Hill]}] tiles>",
            "Doesn't generate naturally <in [{Tundra} {non-[Hill]}] tiles>"
        ]
    },
    {
        "name": "Tobacco",
        "resourceType": "Luxury",
        "terrainsCanBeFoundOn": ["Plains","Grassland","Hill"],
        "gold": 2,
        "improvement": "Plantation",
        "improvementStats": {"faith": 2,"gold": 1},
        "uniques": [
            "Generated with weight [10] <in [Plains] Regions>",
            "Generated with weight [40] <in [Grassland] Regions>",
            "Generated with weight [40] <in [Marsh] Regions>",
            "Generated with weight [5] <in [Hybrid] Regions>",
            "Generated near City States with weight [5]",
            "Doesn't generate naturally <in [Tundra] tiles>",
            "Doesn't generate naturally <in [Flood plains] tiles>",
            "Doesn't generate naturally <in [Desert] tiles>",
            "Doesn't generate naturally <in [{Desert} {non-[Flood plains]} {non-[Hill]}] tiles>",
            "Doesn't generate naturally <in [{Tundra} {non-[Hill]}] tiles>",
            "Doesn't generate naturally <in [{non-[Desert]} {non-[Tundra]} {Hill}] tiles>"
        ]
    },
    {
        "name": "Marble",
        "resourceType": "Luxury",
        "terrainsCanBeFoundOn": ["Tundra","Desert","Plains","Grassland","Hill"],
        "gold": 2,
        "improvement": "Quarry",
        "improvementStats": {"production": 1},
        "uniques": [
            "Generated with weight [10] <in [Tundra] Regions>",
            "Generated with weight [5] <in [Forest] Regions>",
            "Generated with weight [5] <in [Desert] Regions>",
            "Generated with weight [15] <in [Hill] Regions>",
            "Generated with weight [10] <in [Plains] Regions>",
            "Generated with weight [10] <in [Grassland] Regions>",
            "Generated with weight [15] <in [Hybrid] Regions>",
            "Generated near City States with weight [5]",
            "[+10]% Production when constructing [All] wonders [in all cities]",
            "Doesn't generate naturally <in [non-[Hill]] tiles>"
        ]
    },
    {
        "name": "Obsidian",
        "resourceType": "Luxury",
        "terrainsCanBeFoundOn": ["Tundra","Plains","Hill"],
        "gold": 2,
        "improvement": "Quarry",
        "improvementStats": {"production": 1},
        "uniques": [
            "Generated with weight [10] <in [Tundra] Regions>",
            "Generated with weight [40] <in [Jungle] Regions>",
            "Generated with weight [10] <in [Desert] Regions>",
            "Generated with weight [30] <in [Hill] Regions>",
            "Generated with weight [30] <in [Hybrid] Regions>",
            "Generated near City States with weight [5]",
            "[+10]% Production when constructing [Sword] units [in all cities]",
            "Doesn't generate naturally <in [Desert] tiles>",
            "Doesn't generate naturally <in [non-[Hill]] tiles>"
        ]
    },
    {
        "name": "Rubber",
        "resourceType": "Luxury",
        "terrainsCanBeFoundOn": ["Plains","Grassland","Hill","Jungle","Forest"],
        "gold": 2,
        "improvement": "Plantation",
        "improvementStats": {"production": 1},
        "uniques": [
            "Generated with weight [40] <in [Jungle] Regions>",
            "Generated with weight [10] <in [Forest] Regions>",
            "Generated with weight [5] <in [Hybrid] Regions>",
            "Generated with weight [5] <in [Marsh] Regions>",
            "Generated near City States with weight [5]",
            "Doesn't generate naturally <in [Tundra] tiles>",
            "Doesn't generate naturally <in [Flood plains] tiles>",
            "Doesn't generate naturally <in [Desert] tiles>",
            "[+10]% Production when constructing [All] units [in all cities] <starting from the [Industrial era]>",
            "Doesn't generate naturally <in [{Desert} {non-[Flood plains]} {non-[Hill]}] tiles>",
            "Doesn't generate naturally <in [{Tundra} {non-[Hill]}] tiles>"
        ]
    },
    {
        "name": "Perfume",
        "resourceType": "Luxury",
        "terrainsCanBeFoundOn": ["Plains","Grassland","Hill"],
        "gold": 2,
        "improvement": "Plantation",
        "improvementStats": {"culture": 1,"gold": 1},
        "uniques": [
            "Generated with weight [40] <in [Plains] Regions>",
            "Generated with weight [25] <in [Grassland] Regions>",
            "Generated with weight [20] <in [Marsh] Regions>",
            "Generated with weight [5] <in [Hybrid] Regions>",
            "Generated near City States with weight [5]",
            "Doesn't generate naturally <in [Tundra] tiles>",
            "Doesn't generate naturally <in [Flood plains] tiles>",
            "Doesn't generate naturally <in [Desert] tiles>",
            "Doesn't generate naturally <in [{Desert} {non-[Flood plains]} {non-[Hill]}] tiles>",
            "Doesn't generate naturally <in [{Tundra} {non-[Hill]}] tiles>"
        ]
    },
    {
        "name": "Olives", 
        "resourceType": "Luxury",
        "terrainsCanBeFoundOn": ["Plains","Grassland","Hill"],
        "food": 1,
        "improvement": "Plantation",
        "improvementStats": {"food": 1,"gold": 1},
        "uniques": [
            "Generated with weight [40] <in [Plains] Regions>",
            "Generated with weight [25] <in [Grassland] Regions>",
            "Generated with weight [20] <in [Marsh] Regions>",
            "Generated with weight [5] <in [Hybrid] Regions>",
            "Generated near City States with weight [5]",
            "Doesn't generate naturally <in [Tundra] tiles>",
            "Doesn't generate naturally <in [Flood plains] tiles>",
            "Doesn't generate naturally <in [Desert] tiles>",
            "Doesn't generate naturally <in [{Desert} {non-[Flood plains]} {non-[Hill]}] tiles>",
            "Doesn't generate naturally <in [{Tundra} {non-[Hill]}] tiles>",
            "Doesn't generate naturally <in [{non-[Desert]} {non-[Tundra]} {Hill}] tiles>"
        ]
    },
    {
        "name": "Citrus",
        "resourceType": "Luxury",
        "terrainsCanBeFoundOn": ["Plains","Grassland","Hill","Jungle","Forest"],
        "food": 1,
        "improvementStats": {"food": 1, "gold": 1},
        "improvement": "Plantation",
        "uniques": [
            "Generated with weight [40] <in [Jungle] Regions>",
            "Generated with weight [10] <in [Forest] Regions>",
            "Generated with weight [5] <in [Hybrid] Regions>",
            "Generated near City States with weight [5]",
            "Doesn't generate naturally <in [Tundra] tiles>",
            "Doesn't generate naturally <in [Flood plains] tiles>",
            "Doesn't generate naturally <in [Desert] tiles>",
            "Doesn't generate naturally <in [{Desert} {non-[Flood plains]} {non-[Hill]}] tiles>",
            "Doesn't generate naturally <in [{Tundra} {non-[Hill]}] tiles>"
        ]
    },
    {
        "name": "Cocoa",
        "resourceType": "Luxury",
        "terrainsCanBeFoundOn": ["Plains","Grassland","Hill","Jungle","Forest"],
        "food": 1,
        "improvementStats": {"food": 1,"gold": 1},
        "improvement": "Plantation",
        "uniques": [
            "Generated with weight [40] <in [Jungle] Regions>",
            "Generated with weight [10] <in [Forest] Regions>",
            "Generated with weight [10] <in [Marsh] Regions>",
            "Generated with weight [5] <in [Hybrid] Regions>",
            "Generated near City States with weight [5]",
            "Doesn't generate naturally <in [Tundra] tiles>",
            "Doesn't generate naturally <in [Flood plains] tiles>",
            "Doesn't generate naturally <in [Desert] tiles>",
            "Doesn't generate naturally <in [{Desert} {non-[Flood plains]} {non-[Hill]}] tiles>",
            "Doesn't generate naturally <in [{Tundra} {non-[Hill]}] tiles>"
        ]
    },
    {
        "name": "Coconut",
        "resourceType": "Luxury",
        "terrainsCanBeFoundOn": ["Plains","Grassland","Hill","Jungle","Forest"],
        "food": 1,
        "improvementStats": {"food": 1,"gold": 1},
        "improvement": "Plantation",
        "uniques": [
            "Generated with weight [40] <in [Jungle] Regions>",
            "Generated with weight [10] <in [Forest] Regions>",
            "Generated with weight [30] <in [Marsh] Regions>",
            "Generated with weight [5] <in [Hybrid] Regions>",
            "Generated near City States with weight [5]",
            "Doesn't generate naturally <in [Tundra] tiles>",
            "Doesn't generate naturally <in [Flood plains] tiles>",
            "Doesn't generate naturally <in [Desert] tiles>",
            "Doesn't generate naturally <in [{Desert} {non-[Flood plains]} {non-[Hill]}] tiles>",
            "Doesn't generate naturally <in [{Tundra} {non-[Hill]}] tiles>"
        ]
    },
    {
        "name": "Truffles",
        "resourceType": "Luxury",
        "terrainsCanBeFoundOn": ["Plains","Grassland","Hill","Jungle","Forest","Marsh"],
        "gold": 2,
        "improvement": "Camp",
        "improvementStats": {"food": 1, "gold": 1},
        "uniques": [
            "Generated with weight [40] <in [Jungle] Regions>",
            "Generated with weight [40] <in [Forest] Regions>",
            "Generated with weight [5] <in [Marsh] Regions>",
            "Generated with weight [5] <in [Hybrid] Regions>",
            "Generated near City States with weight [5]",
            "Doesn't generate naturally <in [Tundra] tiles>",
            "Doesn't generate naturally <in [Flood plains] tiles>",
            "Doesn't generate naturally <in [Desert] tiles>",
            "Doesn't generate naturally <in [{Desert} {non-[Flood plains]} {non-[Hill]}] tiles>",
            "Doesn't generate naturally <in [{Tundra} {non-[Hill]}] tiles>"
        ]
    },
    {
        "name": "Whales",
        "resourceType": "Luxury",
        "terrainsCanBeFoundOn": ["Coast"],
        "production": 1,
        "improvementStats": {"food": 1,"gold": 1},
        "improvement": "Fishing Boats",
        "uniques": [
            "Generated with weight [10] <in [Tundra] Regions>",
            "Generated with weight [10] <in [Jungle] Regions>",
            "Generated with weight [10] <in [Forest] Regions>",
            "Generated with weight [10] <in [Desert] Regions>",
            "Generated with weight [10] <in [Hill] Regions>",
            "Generated with weight [10] <in [Plains] Regions>",
            "Generated with weight [10] <in [Grassland] Regions>",
            "Generated with weight [25] <in [Marsh] Regions>",
            "Generated with weight [20] <in [Hybrid] Regions>",
            "Generated near City States with weight [30]"
        ]
    },
    {
        "name": "Coral",
        "resourceType": "Luxury",
        "terrainsCanBeFoundOn": ["Coast"],
        "gold": 2,
        "improvementStats": {"faith": 1, "food": 1},
        "improvement": "Fishing Boats",
        "uniques": [
            "Generated with weight [25] <in [Jungle] Regions>",
            "Generated with weight [10] <in [Forest] Regions>",
            "Generated with weight [10] <in [Desert] Regions>",
            "Generated with weight [10] <in [Hill] Regions>",
            "Generated with weight [10] <in [Plains] Regions>",
            "Generated with weight [10] <in [Grassland] Regions>",
            "Generated with weight [20] <in [Marsh] Regions>",
            "Generated with weight [20] <in [Hybrid] Regions>",
            "Generated near City States with weight [30]"
        ]
    },
    {
        "name": "Pearls",
        "resourceType": "Luxury",
        "terrainsCanBeFoundOn": ["Coast"],
        "culture": 1,
        "improvementStats": {"food": 1,"gold": 1},
        "improvement": "Fishing Boats",
        "uniques": [
            "Generated with weight [10] <in [Tundra] Regions>",
            "Generated with weight [10] <in [Jungle] Regions>",
            "Generated with weight [10] <in [Forest] Regions>",
            "Generated with weight [10] <in [Desert] Regions>",
            "Generated with weight [10] <in [Hill] Regions>",
            "Generated with weight [10] <in [Plains] Regions>",
            "Generated with weight [10] <in [Grassland] Regions>",
            "Generated with weight [25] <in [Marsh] Regions>",
            "Generated with weight [20] <in [Hybrid] Regions>",
            "Generated near City States with weight [30]"
        ]
    },
    {
        "name": "Crab",
        "resourceType": "Luxury",
        "terrainsCanBeFoundOn": ["Coast"],
        "food": 1,
        "improvementStats": {"gold": 1, "food": 1},
        "improvement": "Fishing Boats",
        "uniques": [
            "Generated with weight [10] <in [Tundra] Regions>",
            "Generated with weight [10] <in [Jungle] Regions>",
            "Generated with weight [10] <in [Forest] Regions>",
            "Generated with weight [10] <in [Desert] Regions>",
            "Generated with weight [10] <in [Hill] Regions>",
            "Generated with weight [10] <in [Plains] Regions>",
            "Generated with weight [10] <in [Grassland] Regions>",
            "Generated with weight [25] <in [Marsh] Regions>",
            "Generated with weight [20] <in [Hybrid] Regions>",
            "Generated near City States with weight [30]"
        ]
    },
    {
        "name": "Nutmeg", 
        "gold": 2,
        "resourceType": "Luxury"
    },
    {
        "name": "Cloves", 
        "gold": 2,
        "resourceType": "Luxury"
    },
    {
        "name": "Pepper", 
        "gold": 2,
        "resourceType": "Luxury"
    },
    {
        "name": "Jewelry",
        "resourceType": "Luxury",
        "gold": 2,
        "uniques": ["Can only be created by Mercantile City-States"]
    },
    {
        "name": "Porcelain",
        "resourceType": "Luxury",
        "gold": 2,
        "uniques": ["Can only be created by Mercantile City-States"]
    },
    {
        "name": "Glass",
        "resourceType": "Luxury",
        "gold": 2,
        "uniques": ["Can only be created by Mercantile City-States"]
    },

    // Ingame Mechanics
    {
        "name": "Antiquity Site", 
        "resourceType": "Bonus",
        "revealedBy": "Archaeology",
        "terrainsCanBeFoundOn": ["Plains","Grassland","Desert","Hill","Tundra","Forest","Jungle","Flood plains","Marsh","Snow"],
        "improvement": "Archaeological Dig",
        "uniques": ["Generated on every [150] tiles"]
    },
    {
        "name": "Trade Route", 
        "resourceType": "Strategic",
        "uniques": ["Cannot be traded"]
    },
    {
        "name": "Factories", 
        "resourceType": "Strategic",
        "uniques": ["Not shown on world screen","Cannot be traded"]
    },
    {
        "name": "Policies", 
        "resourceType": "Strategic",
        "uniques": ["Not shown on world screen","Cannot be traded"]
    },
    {
        "name": "Level 1 Ideology", 
        "resourceType": "Strategic",
        "uniques": ["Not shown on world screen","Cannot be traded"]
    },
    {
        "name": "Level 2 Ideology", 
        "resourceType": "Strategic",
        "uniques": ["Not shown on world screen","Cannot be traded"]
    },
    {
        "name": "Great Work of Writing", 
        "resourceType": "Strategic",
        "uniques": ["Stockpiled"]
    },
    {
        "name": "Great Work of Art", 
        "resourceType": "Strategic",
        "uniques": ["Stockpiled"]
    },
    {
        "name": "Great Work of Music", 
        "resourceType": "Strategic",
        "uniques": ["Stockpiled"]
    }
]
