[
    {
        "name": "Farm",
        "terrainsCanBeBuiltOn": ["Plains","Grassland","Desert","Flood plains"],
        "food": 1,
        "turnsToBuild": 7,
        "techRequired": "Agriculture",
        "uniques": [
            "Can also be built on tiles adjacent to fresh water <in [Land] tiles>",
            "[+1 Food] from [Fresh water] tiles <after discovering [Civil Service]>",
            "[+1 Food] from [non-fresh water] tiles <after discovering [Fertilizer]>",
            "Can only be built to improve a resource <in [resource] tiles>",
            "Pillaging this improvement yields approximately [+18 Gold]"
        ],
        "shortcutKey": "F"
    },
    {
        "name": "Lumber mill",
        "terrainsCanBeBuiltOn": ["Forest"],
        "production": 1,
        "turnsToBuild": 7,
        "techRequired": "Bronze Working",
        "uniques": [
            "[+1 Production] <after discovering [Steel]>",
            "Can only be built to improve a resource <in [resource] tiles>",
            "Pillaging this improvement yields approximately [+10 Gold]"
        ],
        "shortcutKey": "L"
    },
    {
        "name": "Oil well",
        "turnsToBuild": 9,
        "techRequired": "Biology",
        "uniques": [
            "Can only be built to improve a resource",
            "Cannot be built on [Water] tiles",
            "Pillaging this improvement yields approximately [+20 Gold]"
        ],
        "shortcutKey": "W"
    },
    {
        "name": "Offshore Platform",
        "turnsToBuild": 9,
        "techRequired": "Refrigeration",
        "uniques": [
            "Can only be built to improve a resource",
            "Can only be built on [Water] tiles",
            "Pillaging this improvement yields approximately [+20 Gold]"
        ],
        "shortcutKey": "P"
    },
    {
        "name": "Mine",
        "terrainsCanBeBuiltOn": ["Hill"],
        "turnsToBuild": 7,
        "techRequired": "Mining",
        "uniques": [
            "[+1 Production] <after discovering [Chemistry]>",
            "[+1 Production] <in tiles without [Luxury resource]>",
            "Can only be built to improve a resource <in [resource] tiles>",
            "Pillaging this improvement yields approximately [+20 Gold]"
        ],
        "shortcutKey": "M"
    },
    {
        "name": "Trading post",
        "terrainsCanBeBuiltOn": ["Plains","Grassland","Desert","Hill","Tundra","Forest","Jungle","Flood plains","Marsh"],
        "gold": 1,
        "turnsToBuild": 7,
        "techRequired": "Guilds",
        "uniques": [
            "[+1 Gold] <after discovering [Economics]>",
            "Pillaging this improvement yields approximately [+20 Gold]"
        ],
        "shortcutKey": "T"
    },
    
    // Resource-specific
    {
        "name": "Camp",
        "turnsToBuild": 7,
        "techRequired": "Trapping",
        "uniques": [
            "Does not need removal of [Forest]",
            "Does not need removal of [Jungle]",
            "[+1 Gold] <after discovering [Economics]>",
            "Can only be built to improve a resource",
            "Pillaging this improvement yields approximately [+10 Gold]"
        ],
        "shortcutKey": "C"
    },
    {
        "name": "Pasture",
        "turnsToBuild": 8,
        "techRequired": "Animal Husbandry",
        "uniques": [
            "[+1 Food] <after discovering [Fertilizer]>",
            "Can only be built to improve a resource",
            "Pillaging this improvement yields approximately [+10 Gold]"
        ],
        "shortcutKey": "P"
    },
    {
        "name": "Plantation",
        "turnsToBuild": 6,
        "techRequired": "Calendar",
        "uniques": [
            "[+1 Food] <after discovering [Fertilizer]>",
            "Can only be built to improve a resource",
            "Pillaging this improvement yields approximately [+10 Gold]"
        ],
        "shortcutKey": "P"
    },
    {
        "name": "Quarry",
        "turnsToBuild": 8,
        "techRequired": "Masonry",
        "uniques": [
            "[+1 Production] <after discovering [Chemistry]>",
            "Can only be built to improve a resource",
            "Pillaging this improvement yields approximately [+20 Gold]"
        ],
        "shortcutKey": "Q"
    },
    {
        "name": "Fishing Boats",
        "turnsToBuild": 6,
        "terrainsCanBeBuiltOn": ["Coast"],
        "techRequired": "Sailing",
        "uniques": [
            "[+1 Gold] <after discovering [Compass]>",
            "Can only be built to improve a resource",
            "Pillaging this improvement yields approximately [+20 Gold]"
        ]
    },

    // Special improvement
    {
        "name": "Archaeological Dig",
        "terrainsCanBeBuiltOn": ["Plains","Grassland","Desert","Hill","Tundra","Forest","Jungle","Flood plains","Marsh","Snow"],
        "culture": 6,
        "gold": 2,
        "science": 2,
        "uniques": [
            "Can be built outside your borders",
            "Can only be built to improve a resource",
            "Removes removable features when built",
            "Pillaging this improvement yields approximately [+20 Gold]",
            "Excluded from map editor"
        ]
    },
    {
        "name": "Land Trade Route (Food)",
        "food": 3,
        "terrainsCanBeBuiltOn": ["Land","Forest","Jungle","Marsh","Oasis"],
        "uniques": [
            "All Trade Route",
            "Provides [-1] [Trade Route]",
            "[-3 Food] <in cities without a [Granary]>",
            "[+1 Food] <starting from the [Classical era]>",
            "[+1 Food] <starting from the [Industrial era]>",
            "[+1 Food] <starting from the [Modern era]>",
            "Pillaging this improvement yields approximately [+20 Gold]",
            "Excluded from map editor"
        ]
    },
    {
        "name": "Land Trade Route (Production)",
        "production": 3,
        "terrainsCanBeBuiltOn": ["Land","Forest","Jungle","Marsh","Oasis"],
        "uniques": [
            "All Trade Route",
            "Provides [-1] [Trade Route]",
            "[-3 Production] <in cities without a [Workshop]>",
            "[+1 Production] <starting from the [Classical era]>",
            "[+1 Production] <starting from the [Industrial era]>",
            "[+1 Production] <starting from the [Modern era]>",
            "Pillaging this improvement yields approximately [+20 Gold]",
            "Excluded from map editor"
        ]
    },
    {
        "name": "Land Trade Route (Gold)",
        "terrainsCanBeBuiltOn": ["Land","Forest","Jungle","Marsh","Oasis"],
        "gold": 6,
        "uniques": [
            "All Trade Route",
            "Provides [-1] [Trade Route]",
            "[+2 Gold] <starting from the [Classical era]>",
            "[+2 Gold] <starting from the [Industrial era]>",
            "[+2 Gold] <starting from the [Modern era]>",
            "Pillaging this improvement yields approximately [+20 Gold]",
            "Excluded from map editor"
        ]
    },
    {
        "name": "Sea Trade Route (Food)",
        "food": 6,
        "terrainsCanBeBuiltOn": ["Coast","Ocean","Atoll"],
        "uniques": [
            "All Trade Route",
            "Provides [-1] [Trade Route]",
            "[-6 Food] <in cities without a [Granary]>",
            "[+2 Food] <starting from the [Classical era]>",
            "[+2 Food] <starting from the [Industrial era]>",
            "[+2 Food] <starting from the [Modern era]>",
            "Pillaging this improvement yields approximately [+20 Gold]",
            "Excluded from map editor"
        ]
    },
    {
        "name": "Sea Trade Route (Production)",
        "production": 6,
        "terrainsCanBeBuiltOn": ["Coast","Ocean","Atoll"],
        "uniques": [
            "All Trade Route",
            "Provides [-1] [Trade Route]",
            "[-6 Production] <in cities without a [Workshop]>",
            "[+2 Production] <starting from the [Classical era]>",
            "[+2 Production] <starting from the [Industrial era]>",
            "[+2 Production] <starting from the [Modern era]>",
            "Pillaging this improvement yields approximately [+20 Gold]",
            "Excluded from map editor"
        ]
    },
    {
        "name": "Sea Trade Route (Gold)",
        "terrainsCanBeBuiltOn": ["Coast","Ocean","Atoll"],
        "gold": 12,
        "uniques": [
            "All Trade Route",
            "Provides [-1] [Trade Route]",
            "[+4 Gold] <starting from the [Classical era]>",
            "[+4 Gold] <starting from the [Industrial era]>",
            "[+4 Gold] <starting from the [Modern era]>",
            "Pillaging this improvement yields approximately [+20 Gold]",
            "Excluded from map editor"
        ]
    },

    // Military improvement
    {
        "name": "Fort",
        "terrainsCanBeBuiltOn": ["Plains","Grassland","Desert","Hill","Tundra","Snow","Forest","Jungle"],
        "turnsToBuild": 6,
        "techRequired": "Engineering",
        "uniques": [
            "Can be built outside your borders",
            "Gives a defensive bonus of [50]%"
        ],
        "shortcutKey": "O"
    },

    // Transportation
    {
        "name": "Road",
        "terrainsCanBeBuiltOn": ["Land"],
        "turnsToBuild": 4,
        "techRequired": "The Wheel",
        "uniques": [
            "Can be built outside your borders",
            "Costs [1] [Gold] per turn"
        ],
        "shortcutKey": "R",
        "civilopediaText": [
            {
                "text": "Reduces movement cost to 1/2 if the other tile also has a Road or Railroad"
            },
            {
                "text": "Reduces movement cost to 1/3 with Machinery",
                "link": "Technology/Machinery"
            },
            {
                "text": "Requires Engineering to bridge rivers",
                "link": "Technology/Engineering"
            }
        ]
    },
    {
        "name": "Railroad",
        "terrainsCanBeBuiltOn": ["Land"],
        "turnsToBuild": 0,
        "techRequired": "Railroads",
        "uniques": [
            "Can be built outside your borders",
            "Costs [2] [Gold] per turn"
        ],
        "shortcutKey": "R",
        "civilopediaText": [
            {
                "text": "Reduces movement cost to 1/10 if the other tile also has a Railroad"
            }
        ]
    },
    
    // Removals
    // Any improvement that starts with 'Remove ' is automatically changed into
    // the improvement that removes the terrainfeature after it.
    {
        "name": "Remove Forest",
        "turnsToBuild": 4,
        "techRequired": "Mining",
        "uniques": [
            "Can be built outside your borders",
            "Excluded from map editor"
        ],
        "shortcutKey": "X",
        "civilopediaText": [
            {
                "text": "Provides a one-time Production bonus depending on distance to the closest city once finished"
            }
        ]
    },
    {
        "name": "Remove Jungle",
        "turnsToBuild": 7,
        "techRequired": "Bronze Working",
        "uniques": [
            "Can be built outside your borders",
            "Excluded from map editor"
        ],
        "shortcutKey": "X"
    },
    {
        "name": "Remove Fallout",
        "turnsToBuild": 2,
        // Has no tech requirements as it can always be built
        "uniques": [
            "Can be built outside your borders",
            "Excluded from map editor"
        ],
        "shortcutKey": "X"
    },
    {
        "name": "Remove Marsh",
        "turnsToBuild": 6,
        "techRequired": "Masonry",
        "uniques": [
            "Can be built outside your borders",
            "Excluded from map editor"
        ],
        "shortcutKey": "X"
    },
    {
        "name": "Remove Land Trade Route (Production)",
        "terrainsCanBeBuiltOn": ["Land","Forest","Jungle","Marsh","Oasis"],
        "uniques": [
            "Excluded from map editor"
        ],
        "turnsToBuild": 0
    },
    {
        "name": "Remove Land Trade Route (Food)",
        "terrainsCanBeBuiltOn": ["Land","Forest","Jungle","Marsh","Oasis"],
        "uniques": [
            "Excluded from map editor"
        ],
        "turnsToBuild": 0
    },
    {
        "name": "Remove Land Trade Route (Gold)",
        "terrainsCanBeBuiltOn": ["Land","Forest","Jungle","Marsh","Oasis"],
        "uniques": [
            "Excluded from map editor"
        ],
        "turnsToBuild": 0
    },
    {
        "name": "Remove Sea Trade Route (Production)",
        "terrainsCanBeBuiltOn": ["Coast","Ocean","Atoll"],
        "uniques": [
            "Excluded from map editor"
        ],
        "turnsToBuild": 0
    },
    {
        "name": "Remove Sea Trade Route (Food)",
        "terrainsCanBeBuiltOn": ["Coast","Ocean","Atoll"],
        "uniques": [
            "Excluded from map editor"
        ],
        "turnsToBuild": 0
    },
    {
        "name": "Remove Sea Trade Route (Gold)",
        "terrainsCanBeBuiltOn": ["Coast","Ocean","Atoll"],
        "uniques": [
            "Excluded from map editor"
        ],
        "turnsToBuild": 0
    },

    // These are unique and have unique in-game checks related to them
    {
        "name": "Remove Road",
        "turnsToBuild": 2,
        "uniques": [
            "Can be built outside your borders",
            "Excluded from map editor"
        ]
    },
    {
        "name": "Remove Railroad",
        "turnsToBuild": 2,
        "uniques": [
            "Can be built outside your borders",
            "Excluded from map editor"
        ]
    },
    {
        "name": "Cancel improvement order",
        "uniques": [
            "Can be built outside your borders",
            "Excluded from map editor"
        ],
        "shortcutKey": "."
    },
    // Purely for turnsToBuild and civilopediaText. Unbuildable so it doesn't show in ImprovementPicker
    {
        "name": "Repair",
        "terrainsCanBeBuiltOn": ["Land"],
        "turnsToBuild": 2,
        "shortcutKey": "E",
        "uniques": [
            "Unbuildable",
            "Excluded from map editor"
        ],
        "civilopediaText": [{"text":"Repairs a pillaged Improvement or Route"}]
    },

    // Great Person improvements
    {
        "name": "Academy",
        "terrainsCanBeBuiltOn": ["Land"],
        "science": 8,
        "uniques": [
            "Great Improvement",
            "[+2 Science] <after discovering [Scientific Theory]>",
            "[+2 Science] <after discovering [Atomic Theory]>",
            "Removes removable features when built",
            "Pillaging this improvement yields approximately [+20 Gold]"
        ]
    },
    {
        "name": "Holy site",
        "terrainsCanBeBuiltOn": ["Land"],
        "faith": 6,
        "uniques": [
            "Great Improvement",
            "Removes removable features when built",
            "Pillaging this improvement yields approximately [+20 Gold]"
        ]
    },
    {
        "name": "Landmark",
        "terrainsCanBeBuiltOn": ["Land"],
        "culture": 4,
        "uniques": [
            "Great Improvement",
            "Removes removable features when built",
            "[+2 Culture] <after discovering [Radio]>",
            "[+2 Gold] <after discovering [Electricity]>",
            "Pillaging this improvement yields approximately [+20 Gold]"
        ]
    },
    {
        "name": "Manufactory",
        "terrainsCanBeBuiltOn": ["Land"],
        "production": 6,
        "food": 1,
        "uniques": [
            "Great Improvement",
            "[+3 Production] <after discovering [Chemistry]>",
            "Removes removable features when built",
            "Pillaging this improvement yields approximately [+20 Gold]"
        ]
    },
    {
        "name": "Dry Dock",
        "terrainsCanBeBuiltOn": ["Coast"],
        "production": 5,
        "uniques": [
            "Great Improvement",
            "[+3 Production] <after discovering [Pharmaceuticals]>",
            "Removes removable features when built",
            "Pillaging this improvement yields approximately [+20 Gold]"
        ]
    },
    {
        "name": "Customs house",
        "terrainsCanBeBuiltOn": ["Land"],
        "gold": 4,
        "uniques": [
            "Great Improvement",
            "[+4 Gold] <after discovering [Economics]>",
            "Removes removable features when built",
            "Pillaging this improvement yields approximately [+20 Gold]"
        ]
    },
    {
        "name": "Citadel",
        "terrainsCanBeBuiltOn": ["Land"],
        "uniques": [
            "Great Improvement",
            "Gives a defensive bonus of [100]%",
            "Adjacent enemy units ending their turn take [30] damage",
            "Can be built just outside your borders",
            "Gain control over [all] tiles in a [1]-tile radius",
            "Removes removable features when built"
        ]
    },

    //Civilization unique improvements
    {
        "name": "Moai",
        "uniqueTo": "Polynesia",
        "terrainsCanBeBuiltOn": ["Land"],
        "culture": 1,
        "turnsToBuild": 4,
        "uniques": [
            "[+1 Culture] for each adjacent [Moai]",
            "[+1 Gold] <after discovering [Flight]>",
            "Can only be built on [Coastal] tiles",
            "Pillaging this improvement yields approximately [+20 Gold]"
        ],
        "techRequired": "Construction",
        "shortcutKey": "M"
    },
    {
        "name": "Sacred Grove",
        "uniqueTo": "Lithuania",
        "terrainsCanBeBuiltOn": ["Land"],
        "science": 1,
        "production": 1,
        "culture": 1,
        "food": 1,
        "faith": 1,
        "uniques": [
            "Great Improvement",
            "Removes removable features when built",
            "[+1 Science, +1 Production, +1 Culture, +1 Food, +1 Faith] <after discovering [Philosophy]>",
            "[+1 Science, +1 Production, +1 Culture, +1 Food, +1 Faith] <after discovering [Theology]>",
            "[+1 Science, +1 Production, +1 Culture, +1 Food, +1 Faith] <after discovering [Acoustics]>",
            "[+1 Science, +1 Production, +1 Culture, +1 Food, +1 Faith] <after discovering [Archaeology]>",
            "[+1 Science, +1 Production, +1 Culture, +1 Food, +1 Faith] <after discovering [Plastics]>",
            "[+1 Science, +1 Production, +1 Culture, +1 Food, +1 Faith] <after discovering [Computers]>",
            "[+1 Science, +1 Production, +1 Culture, +1 Food, +1 Faith] <after discovering [Telecommunications]>",
            "Pillaging this improvement yields approximately [+20 Gold]"
        ]
    },
    {
        "name": "Chateau",
        "uniqueTo": "France",
        "terrainsCanBeBuiltOn": ["Land"],
        "gold": 1,
        "culture": 2,
        "science": 2,
        "turnsToBuild": 7,
        "techRequired": "Chivalry",
        "uniques": [
            "Gives a defensive bonus of [50]%",
            "[+2 Gold, +1 Culture] <after discovering [Flight]>",
            "Must be next to [Luxury resource]",
            "Cannot be built on [resource] tiles",
            "Only available <with [0] to [0] neighboring [Chateau] tiles>",
            "Pillaging this improvement yields approximately [+20 Gold]"
        ]
    },
    {
        "name": "Harjis",
        "uniqueTo": "Goths",
        "terrainsCanBeBuiltOn": ["Land"],
        "production": 1,
        "turnsToBuild": 7,
        "techRequired": "Mining",
        "uniques": [
            "[+1 Production] <after discovering [Iron Working]>",
            "[+1 Production] <after discovering [Gunpowder]>",
            "[+1 Production] <after discovering [Dynamite]>",
            "Must be next to [Luxury resource]",
            "Cannot be built on [resource] tiles",
            "Only available <with [0] to [0] neighboring [Harjis] tiles>",
            "Pillaging this improvement yields approximately [+20 Gold]"
        ]
    },
    {
        "name": "Brazilwood Camp",
        "uniqueTo": "Brazil",
        "terrainsCanBeBuiltOn": ["Jungle","Forest"],
        "production": 1,
        "turnsToBuild": 7,
        "techRequired": "Bronze Working",
        "uniques": [
            "[+2 Gold] <after discovering [Machinery]>",
            "[+2 Culture] <after discovering [Acoustics]>",
            "Pillaging this improvement yields approximately [+20 Gold]"
        ]
    },
    {
        "name": "Tibetan Monastery",
        "uniqueTo": "Tibet",
        "terrainsCanBeBuiltOn": ["Hill","Jungle","Forest"],
        "culture": 1,
        "faith": 2,
        "turnsToBuild": 7,
        "techRequired": "Calendar",
        "uniques": [
            "[+1 Faith] <after discovering [Theology]>",
            "[+1 Culture] for each adjacent [Mountain]",
            "Can only be built on [Hill] tiles",
            "Cannot be built on [resource] tiles",
            "Pillaging this improvement yields approximately [+20 Gold]"
        ]
    },
    {
        "name": "Polder",
        "uniqueTo": "The Netherlands",
        "terrainsCanBeBuiltOn": ["Marsh","Flood plains","Coast","Lakes"],
        "food": 2,
        "turnsToBuild": 7,
        "techRequired": "Guilds",
        "uniques": [
            "[+1 Food] from [Marsh] tiles",
            "[+1 Food] from [Flood plains] tiles",
            "[+1 Production, +2 Gold] <after discovering [Economics]>",
            "Cannot be built on [Water] tiles <with [0] to [2] neighboring [Land] tiles>",
            "Cannot be built on [resource] tiles",
            "Pillaging this improvement yields approximately [+20 Gold]"
        ]
    },
    {
        "name": "Tipi",
        "uniqueTo": "Sioux",
        "terrainsCanBeBuiltOn": ["Plains"],
        "food": 1,
        "faith": 1,
        "turnsToBuild": 7,
        "techRequired": "Trapping",
        "uniques": [
            "Does not need removal of [Forest]",
            "Does not need removal of [Jungle]",
            "Must be next to [Luxury resource]",
            "[+1 Food] <after discovering [Civil Service]>",
            "[+1 Faith] <after discovering [Theology]>",
            "[+1 Culture] for each adjacent [City center]",
            "[+1 Gold] <in [River] tiles>",
            "Cannot be built on [Hill] tiles",
            "Can only be built to improve a resource <in [resource] tiles>",
            "Pillaging this improvement yields approximately [+20 Gold]"
        ]
    },
    {
        "name": "Kasbah",
        "uniqueTo": "Morocco",
        "terrainsCanBeBuiltOn": ["Desert","Flood plains","Hill"],
        "food": 2,
        "production": 1,
        "gold": 1,
        "turnsToBuild": 7,
        "techRequired": "Chivalry",
        "uniques": [
            "Can only be built on [Desert] tiles <in [Hill] tiles>",
            "Cannot be built on [resource] tiles",
            "Gives a defensive bonus of [50]%",
            "Pillaging this improvement yields approximately [+20 Gold]"
        ]
    },
    {
        "name": "Caer",
        "uniqueTo": "Wales",
        "terrainsCanBeBuiltOn": ["Hill"],
        "gold": 3,
        "production": 1,
        "culture": 1,
        "turnsToBuild": 7,
        "techRequired": "Chivalry",
        "uniques": [
            "Gives a defensive bonus of [25]%",
            "[+1 Culture] <after discovering [Acoustics]>",
            "Cannot be built on [resource] tiles",
            "Pillaging this improvement yields approximately [+20 Gold]"
        ]
    },
    {
        "name": "Motte and Bailey",
        "uniqueTo": "Normandy",
        "terrainsCanBeBuiltOn": ["Land"],
        "food": 1,
        "production": 1,
        "turnsToBuild": 7,
        "techRequired": "Engineering",
        "uniques": [
            "Gives a defensive bonus of [25]%",
            "[+2 Culture] <after discovering [Flight]>",
            "Only available <with [0] to [0] neighboring [Motte and Bailey] tiles>",
            "Pillaging this improvement yields approximately [+20 Gold]"
        ]
    },
    {
        "name": "Kampong Ayer",
        "uniqueTo": "Brunei",
        "terrainsCanBeBuiltOn": ["Coast"],
        "food": 1,
        "gold": 1,
        "culture": 1,
        "turnsToBuild": 7,
        "techRequired": "Optics",
        "uniques": [
            "[+1 Production] <after discovering [Navigation]>",
            "[+1 Culture] <after discovering [Flight]>",
            "Must be next to [Land]",
            "Cannot be built on [resource] tiles",
            "Pillaging this improvement yields approximately [+20 Gold]"
        ]
    },
    {
        "name": "Terrace farm",
        "uniqueTo": "Inca",
        "terrainsCanBeBuiltOn": ["Hill"],
        "food": 1,
        "turnsToBuild": 7,
        "uniques": [
            "[+1 Food] for each adjacent [Mountain]",
            "[+1 Food] from [Fresh water] tiles <after discovering [Civil Service]>",
            "[+1 Food] from [non-fresh water] tiles <after discovering [Fertilizer]>",
            "Cannot be built on [resource] tiles",
            "Pillaging this improvement yields approximately [+20 Gold]"
        ],
        "techRequired": "Construction",
        "shortcutKey": "F"
    },
    {
        // NOTE: NEEDS A SPRITE
        "name": "Rock-hewn church",
        "uniqueTo": "Aksum",
        "techRequired": "Masonry",
        "terrainsCanBeBuiltOn": ["Land"],
        "faith": 2,
        "turnsToBuild": 7,
        "uniques": [
            "[+1 Faith] <after discovering [Theology]>",
            "Comment [[+1 Faith] to every adjacent [Quarry]]",  // Implemented in Global temporarily
            //"Comment [[+2 Faith] to every unit ending their turn]", // Lacking good support
            "Cannot be built on [resource] tiles",
            "Only available <with [0] to [0] neighboring [Rock-hewn church] tiles>",
            "Pillaging this improvement yields approximately [+20 Gold]"
        ]
    },

    // Unbuildable improvements
    {
        "name": "Ancient ruins",
        "terrainsCanBeBuiltOn": ["Land"],
        "uniques": [
            "Unpillagable",
            "Provides a random bonus when entered",
            "Unbuildable"
        ]
    },
    {
        "name": "City ruins",
        "terrainsCanBeBuiltOn": [ "Land"],
        "uniques": [
            "Unpillagable",
            "Unbuildable",
            "Will be replaced by automated workers"
        ],
        "civilopediaText": [
            {
                "text": "A bleak reminder of the destruction wreaked by War"
            }
        ]
    },
    {
        "name": "City center",
        "terrainsCanBeBuiltOn": ["Land"],
        "uniques": [
            "Ensures a minimum tile yield of [+2 Food, +2 Production] <in [Hill] tiles>",
            "Ensures a minimum tile yield of [+3 Food, +1 Production] <in tiles without [Hill]>",
            "Unpillagable",
            "Irremovable",
            "Unbuildable"
        ],
        "civilopediaText": [
            {
                "text": "Marks the center of a city"
            },
            {
                "text": "Appearance changes with the technological era of the owning civilization"
            }
        ]
    },
    {
        "name": "Barbarian encampment",
        "terrainsCanBeBuiltOn": ["Land"],
        "uniques": [
            "Unpillagable",
            "Unbuildable"
        ],
        "civilopediaText": [
            {
                "text": "Home to uncivilized barbarians, will spawn a hostile unit from time to time"
            }
        ]
    }
]
